Id,Empresa,Cod. Mer,Mercado,Fecha,Gm,i,j,Tm,Dt 1a2 Aer,Dt 1a2 Sub,Dt 1a3 Aer,Dt 1a2 Sub,Dt 2,Dt 3,Dt 4,Cvm,i,j,PR 1,PR 2,PR 3,PR 4,Rm,i,CUv 1a2 Aer,CUv 1a2 Sub,CUv 1a3 Aer,CUv 1a2 Sub,CUv 2,CUv 3,CUv 4,CUfm
3372,A.S.C INGENIERIA SOCIEDAD ANONIMA SA ESP.,173,NARIÑO,01-2011,142.04222,21.01539,137.30955,140.69163,68.8488,72.23089,100.04042,34.08207,16.7903,12.57686,52.57545,36.92487,32.03031,28.51414,10.41051,375.92998,379.31207,307.46923,310.85132,323.01028,252.15736,231.34942,0
520,CENTRALES ELECTRICAS DE NARIÑO S.A. E.S.P.,173,NARIÑO,01-2011,122.63391,21.01539,132.4681,130.78999,79.00013,77.32202,90.62603,38.79677,16.7903,94.00503,24.36473,10.56566,7.26053,4.87319,15.16431,409.65147,407.97336,356.18349,354.50539,354.01033,298.87593,274.48213,0
604,CENTRALES ELECTRICAS DEL NORTE DE SANTANDER S.A. ESP,161,NORTE DE SANTANDER,01-2011,121.89109,21.01539,111.29981,117.8717,75.64728,82.21917,78.50253,43.55441,16.7903,45.24769,24.22712,10.50121,7.21358,4.83888,11.27876,334.95986,341.53175,299.30732,305.87922,288.43667,250.20093,221.06211,0
2103,CODENSA S.A. ESP,176,BOGOTA,01-2011,117.36611,21.01539,101.07467,100.48324,85.98616,85.39473,61.98169,46.59721,16.7903,31.65205,23.45421,10.16384,6.98052,4.68115,10.43478,304.99722,304.4058,289.90871,289.31728,252.61387,234.04607,201.9398,0
637,COMPAÑÍA DE ELECTRICIDAD DE TULUÁ S.A. E.S.P.,166,TULUA,01-2011,127.07927,21.01539,128.59192,131.38055,88.8952,91.68383,91.15308,52.0466,16.7903,27.09494,25.12783,10.9003,7.49257,5.03112,10.74098,339.65033,342.43896,299.95361,302.74224,287.98396,245.46975,207.752,0
3332,COMPAÑÍA ENERGÉTICA DEL TOLIMA S.A E.S.P,169,TOLIMA,01-2011,112.06716,21.01539,152.44318,156.0909,76.2221,79.86981,114.48854,40.98089,16.7903,44.67685,19.41481,9.75734,6.69664,4.48584,12.13269,361.75009,365.3978,285.529,289.17672,314.13797,237.56963,211.16824,0
1014,ELECTRIFICADORA DEL HUILA S.A. E.S.P.,170,HUILA,01-2011,119.90956,21.01539,169.21464,168.88115,92.47104,92.13756,126.54272,52.20071,16.7903,57.21847,23.88732,10.35234,7.11044,4.76876,11.98089,403.22626,402.89277,326.48266,326.14918,347.01936,269.43545,231.68337,0
600,ELECTRIFICADORA DEL META S.A. E.S.P.,175,META,01-2011,108.38303,21.01539,119.40049,128.3018,77.95265,86.85396,88.57033,48.04835,16.7903,40.352,21.89083,9.46959,6.49436,4.34529,11.93061,322.97236,331.87366,281.52452,290.42583,279.72096,236.22375,202.81663,0
599,EMPRESA DE ENERGIA DE ARAUCA,159,ARAUCA,01-2011,115.22907,21.01539,298.55552,290.31427,155.48458,147.24333,241.23502,102.37311,16.7903,49.37788,23.07723,9.9944,6.86077,4.59728,14.09346,521.34854,513.1073,378.2776,370.03636,450.94522,308.94967,221.10338,0
500,EMPRESA DE ENERGIA DE BOYACA S.A. ESP EMPRESA DE SERVICIOS PUBLICOS,158,BOYACA,01-2011,88.00456,21.01539,213.55264,196.06921,117.86225,100.37882,151.80868,59.33615,16.7903,75.28017,12.24151,5.58594,1.92261,0.42994,12.71304,422.8073,405.32387,327.11692,309.63349,354.40778,258.27192,214.2334,0
3370,EMPRESA DE ENERGIA DE CASANARE SA ESP,703,CASANARE,01-2011,107.703,21.01539,176.24273,176.68392,112.20783,112.64902,134.0102,71.16853,16.7903,56.28745,21.76951,9.41452,6.45515,4.31753,14.04598,397.06406,397.50525,333.02916,333.47035,342.47654,276.67551,220.15966,0
595,EMPRESA DE ENERGIA DE CUNDINAMARCA S.A. ESP,174,CUNDINAMARCA,01-2011,112.9622,21.01539,205.60149,186.39008,116.75398,97.54257,142.77043,56.78621,16.7903,93.89093,22.67374,9.81163,6.73083,4.50549,13.01415,469.1579,449.94649,380.31039,361.09898,393.46473,304.39971,262.17846,0
523,EMPRESA DE ENERGIA DEL  QUINDIO S.A.E.S.P.,164,QUINDIO,01-2011,95.70818,21.01539,172.67119,159.43766,98.88749,85.65396,117.58293,46.2314,16.7903,27.03083,19.70049,8.50315,5.82099,3.88359,11.19271,347.31879,334.08526,273.53509,260.30156,281.0332,206.99951,175.62101,0
2371,EMPRESA DE ENERGIA DEL BAJO PUTUMAYO  S.A.  E.S.P.,601,BAJO PUTUMAYO,01-2011,123.4596,21.01539,163.47241,169.16438,110.60623,116.2982,127.36339,75.27059,16.7903,93.78086,24.50683,10.62812,7.30392,4.90281,13.72227,439.95736,445.64933,387.09118,392.78315,389.96963,334.55263,273.67123,0
1846,EMPRESA DE ENERGIA DEL VALLE DE SIBUNDOY S.A. E.S.P. ,481,SIBUNDOY,01-2011,123.5636,21.01539,225.86576,219.26875,116.54206,109.94505,173.6407,67.88365,16.7903,94.02849,24.54156,10.65021,7.32302,4.91974,12.62287,501.63766,495.04065,392.31397,385.71696,435.52125,326.43701,272.94039,0
3076,EMPRESA DE ENERGIA ELECTRICA DEL DEPARTAMENTO DEL GUAVIARE SA ESP,681,GUAVIARE,01-2011,79.3065,21.01539,108.14026,120.06182,142.96778,154.88935,80.78924,111.91655,16.7903,105.79492,10.44353,1.69138,0.18887,0.54258,-0.03939,324.66121,336.58278,359.48873,371.4103,288.55805,318.18285,223.41031,0
2073,EMPRESA DE ENERGÍA DE PEREIRA S.A. ESP.,162,CALDAS,01-2011,131.24763,21.01539,172.80786,153.02195,97.3027,77.51679,111.26509,38.53854,16.7903,1.20816,25.84661,11.21682,7.71276,5.18174,11.2592,363.38486,343.59895,287.8797,268.09379,287.2123,210.98169,186.70242,0
2073,EMPRESA DE ENERGÍA DE PEREIRA S.A. ESP.,163,PEREIRA,01-2011,130.30872,21.01539,111.88559,110.43342,80.47454,79.02237,71.23842,40.32458,16.7903,15.54929,25.68416,11.14506,7.66272,5.14738,11.2592,315.70235,314.25018,284.2913,282.83913,260.51608,226.1199,200.07028,0
536,EMPRESA DE ENERGÍA DEL PACÍFICO S.A. E.S.P.,561,EPSAU,01-2011,128.48782,21.01539,168.45221,160.21096,101.36765,93.1264,117.79028,52.50404,16.7903,55.01635,25.37007,11.00671,7.56645,5.0815,10.82895,409.17079,400.92954,342.08622,333.84498,344.1455,275.419,237.22032,0
694,EMPRESA MUNICIPAL DE ENERGÍA ELÉCTRICA S.A-E.S.P,301,POPAYAN,01-2011,99.97525,21.01539,218.94529,214.52841,88.37384,83.95696,169.39845,44.37577,16.7903,72.40083,16.53232,5.48507,2.83363,0.91713,10.09289,438.96197,434.54509,308.39052,303.97364,378.36788,250.69376,221.19179,0
2438,EMPRESAS MUNICIPALES DE CALI   E.I.C.E  E.S.P,165,CALI,01-2011,112.90265,21.01539,81.22462,89.91842,60.97095,69.66475,51.99088,32.05072,16.7903,29.67894,22.66673,9.80987,6.73032,4.5059,12.28736,279.77569,288.46949,259.52202,268.21582,237.68509,214.66538,197.18054,0
617,EMPRESAS MUNICIPALES DE CARTAGO E.S.P.,168,CARTAGO,01-2011,119.64393,21.01539,99.90113,106.37284,79.11343,85.58513,67.54299,46.6805,16.7903,16.79132,11.60909,-0.44383,-3.33651,-5.42742,11.29738,280.25824,286.72995,259.47054,265.94224,235.84718,212.09201,180.11091,0
564,EMPRESAS PÚBLICAS DE MEDELLIN E.S.P.,704,ANTIOQUIA UNIFICADO CREG078,01-2011,123.08951,21.01539,112.83224,125.9349,70.28444,83.3871,84.73541,43.19056,16.7903,40.33909,20.79403,7.47907,4.28485,1.97639,10.30846,328.37872,341.48139,285.83092,298.93358,286.96693,242.22787,213.51915,0
3230,ENERGIA Y SERVICIOS S.A E.S.P,704,ANTIOQUIA UNIFICADO CREG078,01-2011,103.41736,21.01539,112.83224,125.9349,70.28444,83.3871,84.73541,43.19056,16.7903,8.28584,21.52942,9.50993,6.63187,4.5532,8.21386,275.2941,288.39677,232.7463,245.84896,235.17778,190.75487,162.27595,0
3372,A.S.C INGENIERIA SOCIEDAD ANONIMA SA ESP.,173,NARIÑO,02-2011,140.02871,21.48554,139.4204,142.84301,70.13951,73.56212,101.68188,34.92291,17.41816,12.7529,51.82838,36.35766,31.51899,28.04287,8.98618,374.50211,377.92471,305.22122,308.64382,321.29287,249.69524,228.71436,0
520,CENTRALES ELECTRICAS DE NARIÑO S.A. E.S.P.,173,NARIÑO,02-2011,121.28173,21.48554,134.5007,132.80279,80.40169,78.70377,92.14171,39.69023,17.41816,94.68241,24.10126,10.40458,7.12376,4.75392,11.53435,407.586,405.88808,353.48698,351.78907,351.53033,295.79802,271.15612,0
604,CENTRALES ELECTRICAS DEL NORTE DE SANTANDER S.A. ESP,161,NORTE DE SANTANDER,02-2011,125.6979,21.48554,113.09681,119.74743,77.01716,83.66778,79.8847,44.50874,17.41816,45.65767,24.85422,10.73268,7.35011,4.90678,9.37918,340.17132,346.82194,304.09167,310.74229,292.83767,254.07913,224.54523,0
2103,CODENSA S.A. ESP,176,BOGOTA,02-2011,125.26399,21.48554,102.74835,102.14984,87.47908,86.88057,63.16549,47.58799,17.41816,31.92563,24.78726,10.70638,7.33356,4.89727,8.32427,314.53504,313.93653,299.26577,298.66726,260.8713,241.92098,209.31486,0
637,COMPAÑÍA DE ELECTRICIDAD DE TULUÁ S.A. E.S.P.,166,TULUA,02-2011,135.42396,21.48554,130.59877,133.42081,90.42649,93.24853,92.6883,53.10266,17.41816,26.95201,26.53804,11.47686,7.8693,5.26347,8.31462,349.31294,352.13498,309.14066,311.9627,296.3413,253.14809,214.85776,0
3332,COMPAÑÍA ENERGÉTICA DEL TOLIMA S.A E.S.P,169,TOLIMA,02-2011,129.86506,21.48554,154.73724,158.42865,77.60304,81.29445,116.30413,41.90439,17.41816,45.09767,22.03571,11.05783,7.57859,5.06545,10.51129,383.73251,387.42392,306.59832,310.28973,334.32152,256.44254,229.44317,0
1014,ELECTRIFICADORA DEL HUILA S.A. E.S.P.,170,HUILA,02-2011,118.34464,21.48554,171.71038,171.3729,94.04741,93.70994,128.50315,53.25862,17.41816,57.71137,23.5838,10.17226,6.9597,4.63916,10.15984,402.99557,402.65809,325.33261,324.99513,346.3768,267.91971,229.75872,0
600,ELECTRIFICADORA DEL META S.A. E.S.P.,175,META,02-2011,122.54641,21.48554,121.29288,130.30082,79.34851,88.35645,90.0722,49.05651,17.41816,40.67956,24.30849,10.49144,7.18178,4.79111,9.68653,339.99942,349.00736,298.05505,307.06299,294.96168,250.63633,216.60731,0
599,EMPRESA DE ENERGIA DE ARAUCA,159,ARAUCA,02-2011,132.29277,21.48554,302.60304,294.26307,157.81815,149.47817,244.57071,104.03207,17.41816,49.80972,25.99808,11.23908,7.70387,5.1503,11.39597,543.58512,535.24515,398.80023,390.46026,470.7938,326.71994,237.55247,0
500,EMPRESA DE ENERGIA DE BOYACA S.A. ESP EMPRESA DE SERVICIOS PUBLICOS,158,BOYACA,02-2011,119.91594,21.48554,216.58008,198.8872,119.74335,102.05047,154.07209,60.47954,17.41816,75.91752,15.90537,7.26987,2.51684,0.58016,10.04439,459.84883,442.15595,363.0121,345.31922,388.70534,290.35976,245.36171,0
3370,EMPRESA DE ENERGIA DE CASANARE SA ESP,703,CASANARE,02-2011,136.93964,21.48554,178.82211,179.26858,114.02008,114.46656,136.05978,72.45367,17.41816,56.9418,26.79083,11.58471,7.94242,5.3115,12.14264,433.12257,433.56904,368.32054,368.76702,375.15411,307.90571,250.23929,0
523,EMPRESA DE ENERGIA DEL  QUINDIO S.A.E.S.P.,164,QUINDIO,02-2011,128.83505,21.48554,175.18099,161.79127,100.52647,87.13675,119.41827,47.21261,17.41816,27.30648,25.40186,10.97654,7.52124,5.02538,5.333,383.54292,370.1532,308.8884,295.49868,313.35488,237.69392,205.40361,0
2371,EMPRESA DE ENERGIA DEL BAJO PUTUMAYO  S.A.  E.S.P.,601,BAJO PUTUMAYO,02-2011,128.98369,21.48554,165.89448,171.65464,112.39498,118.15514,129.33093,76.60486,17.41816,94.48194,25.42836,10.98856,7.52979,5.03143,10.96174,447.23575,452.9959,393.73624,399.4964,396.2324,340.04756,278.3625,0
1846,EMPRESA DE ENERGIA DEL VALLE DE SIBUNDOY S.A. E.S.P. ,481,SIBUNDOY,02-2011,128.78148,21.48554,249.32323,224.66194,135.67402,111.01274,178.33444,68.47143,17.41816,94.79514,25.3937,10.97338,7.51928,5.02429,10.23219,530.01128,505.35,416.36208,391.70079,444.60218,331.28507,277.73681,0
3076,EMPRESA DE ENERGIA ELECTRICA DEL DEPARTAMENTO DEL GUAVIARE SA ESP,681,GUAVIARE,02-2011,100.9194,21.48554,109.88066,121.94293,145.11923,157.1815,82.186,113.673,17.41816,106.84228,3.00155,-6.50395,-8.13968,-7.7545,0.01304,342.14248,354.20475,377.38105,389.44332,304.94233,334.7936,238.92394,0
2073,EMPRESA DE ENERGÍA DE PEREIRA S.A. ESP.,162,CALDAS,02-2011,138.05703,21.48554,175.34904,155.3261,98.93934,78.9164,113.04382,39.43278,17.41816,1.2334,26.99258,11.67723,8.0088,5.35901,9.1159,372.23349,352.21055,295.82379,275.80086,294.61292,217.33345,192.66904,0
2073,EMPRESA DE ENERGÍA DE PEREIRA S.A. ESP.,163,PEREIRA,02-2011,137.10777,21.48554,113.69239,112.22283,81.90504,80.43548,72.53512,41.24021,17.41816,15.70398,26.82834,11.60468,7.9582,5.32427,9.1159,323.93393,322.46437,292.14659,290.67702,267.553,232.61161,206.15563,0
694,EMPRESA MUNICIPAL DE ENERGÍA ELÉCTRICA S.A-E.S.P,301,POPAYAN,02-2011,100.86374,21.48554,222.03975,217.56996,89.90409,85.4343,171.87393,45.33994,17.41816,73.04498,16.66893,5.50475,2.82517,0.88831,10.09289,444.19583,439.72604,312.06017,307.59038,382.86582,253.65226,223.79363,0
2438,EMPRESAS MUNICIPALES DE CALI   E.I.C.E  E.S.P,165,CALI,02-2011,111.01556,21.48554,82.65875,91.45669,62.16244,70.96039,53.05401,32.86724,17.41816,29.91068,22.3031,9.60146,6.55886,4.36107,9.84904,277.22268,286.02062,256.72637,265.52432,234.9163,211.68692,194.04006,0
617,EMPRESAS MUNICIPALES DE CARTAGO E.S.P.,168,CARTAGO,02-2011,113.46525,21.48554,101.56164,108.11088,80.52491,87.07414,68.79391,47.67227,17.41816,16.8428,22.72646,9.78827,6.68903,4.45033,6.03375,282.11545,288.66469,261.07872,267.62795,236.40952,212.18864,179.69583,0
564,EMPRESAS PÚBLICAS DE MEDELLIN E.S.P.,704,ANTIOQUIA UNIFICADO CREG078,02-2011,127.94536,21.48554,114.64891,127.90854,71.5914,84.85103,86.19294,44.14052,17.41816,40.71976,20.91289,7.19078,3.89837,1.5188,8.73706,334.44952,347.70915,291.39201,304.65164,292.27145,246.92662,217.82468,0
3230,ENERGIA Y SERVICIOS S.A E.S.P,704,ANTIOQUIA UNIFICADO CREG078,02-2011,106.35096,21.48554,114.64891,127.90854,71.5914,84.85103,86.19294,44.14052,17.41816,7.43493,22.11834,9.77007,6.81328,4.67775,5.37303,277.41171,290.67134,234.3542,247.61383,236.60747,191.59826,162.74037,0
3372,A.S.C INGENIERIA SOCIEDAD ANONIMA SA ESP.,173,NARIÑO,03-2011,141.24761,23.12896,141.89595,145.35577,71.86174,75.32156,103.69986,36.19349,18.48638,12.86908,52.48681,36.77641,31.86233,28.33189,5.90086,377.52927,380.98909,307.49506,310.95488,323.62278,251.20233,229.96478,0
520,CENTRALES ELECTRICAS DE NARIÑO S.A. E.S.P.,173,NARIÑO,03-2011,129.09035,23.12896,136.98375,135.26647,82.26792,80.55065,94.09507,41.02428,18.48638,95.32219,25.71657,11.11005,7.61133,5.08411,7.16334,417.40515,415.68788,362.68933,360.97205,359.90997,303.34046,278.27533,0
604,CENTRALES ELECTRICAS DEL NORTE DE SANTANDER S.A. ESP,161,NORTE DE SANTANDER,03-2011,127.44327,23.12896,115.28145,122.00438,78.8095,85.53243,81.66307,45.88355,18.48638,45.94313,25.4241,10.97785,7.51749,5.01797,5.68188,342.90279,349.62573,306.43084,313.15378,294.83816,255.59827,225.70159,0
2103,CODENSA S.A. ESP,176,BOGOTA,03-2011,126.98421,23.12896,104.81878,104.21376,89.38348,88.77846,64.76112,48.99628,18.48638,32.17643,25.35121,10.94828,7.49831,5.0063,5.62669,318.08628,317.48126,302.65098,302.04596,263.6257,244.41089,211.40897,0
637,COMPAÑÍA DE ELECTRICIDAD DE TULUÁ S.A. E.S.P.,166,TULUA,03-2011,136.41223,23.12896,132.97927,135.83199,92.37018,95.22291,94.60898,54.57091,18.48638,27.45344,26.91834,11.61463,7.94885,5.30094,5.56305,352.45529,355.30801,311.84621,314.69893,298.78129,255.07745,216.345,0
3332,COMPAÑÍA ENERGÉTICA DEL TOLIMA S.A E.S.P,169,TOLIMA,03-2011,132.77373,23.12896,157.38324,161.11479,79.41034,83.14189,118.48328,43.25088,18.48638,45.26194,22.69737,11.38947,7.80564,5.21695,5.52892,386.77416,390.50571,308.80125,312.5328,336.5663,257.75007,230.39688,0
1014,ELECTRIFICADORA DEL HUILA S.A. E.S.P.,170,HUILA,03-2011,123.43419,23.12896,174.54252,174.20137,96.0351,95.69395,130.81582,54.72857,18.48638,58.012,24.73143,10.67228,7.30461,4.87204,5.45841,409.30752,408.96637,330.8001,330.45895,351.52167,272.06675,233.39199,0
600,ELECTRIFICADORA DEL META S.A. E.S.P.,175,META,03-2011,124.07824,23.12896,123.56324,132.66913,81.16279,90.26868,91.95944,50.48077,18.48638,40.92131,24.84143,10.72028,7.33777,4.89448,5.74489,342.27807,351.38396,299.87763,308.98352,296.55313,251.69194,217.25426,0
599,EMPRESA DE ENERGIA DE ARAUCA,159,ARAUCA,03-2011,125.74132,23.12896,306.86319,298.43253,160.50399,152.07333,248.14807,106.0541,18.48638,50.25684,25.13571,10.85291,7.4317,4.96046,7.44262,538.56864,530.13798,392.20944,383.77878,465.57072,320.05554,230.01658,0
500,EMPRESA DE ENERGIA DE BOYACA S.A. ESP EMPRESA DE SERVICIOS PUBLICOS,158,BOYACA,03-2011,124.39595,23.12896,219.90122,202.01596,122.01155,104.12629,156.6634,62.02801,18.48638,76.3457,16.60798,7.59709,2.63747,0.61662,5.7059,466.08571,448.20045,368.19603,350.31077,393.83699,294.24198,248.67951,0
3370,EMPRESA DE ENERGIA DE CASANARE SA ESP,703,CASANARE,03-2011,137.618,23.12896,133.51486,119.87812,107.7293,94.09255,79.32714,53.32185,18.48638,58.28729,16.29561,7.29516,2.9137,0.71067,8.16214,377.00687,363.37013,351.2213,337.58456,313.81869,283.43194,246.39345,0
523,EMPRESA DE ENERGIA DEL  QUINDIO S.A.E.S.P.,164,QUINDIO,03-2011,136.56181,23.12896,178.13333,164.59095,102.62764,89.08525,121.68567,48.63243,18.48638,27.45678,27.00378,11.67641,8.00508,5.35318,8.57276,400.85742,387.31504,325.35173,311.80935,329.08241,252.35783,219.55988,0
2371,EMPRESA DE ENERGIA DEL BAJO PUTUMAYO  S.A.  E.S.P.,601,BAJO PUTUMAYO,03-2011,129.1527,23.12896,168.65334,174.47613,114.57211,120.3949,131.64702,78.32867,18.48638,95.04754,25.71987,11.10849,7.60859,5.08052,6.33318,448.03559,453.85838,393.95436,399.77715,396.41789,339.59964,277.22928,0
1846,EMPRESA DE ENERGIA DEL VALLE DE SIBUNDOY S.A. E.S.P. ,481,SIBUNDOY,03-2011,129.03895,23.12896,253.00866,228.07922,138.1237,113.19426,181.19414,70.10679,18.48638,95.4342,25.70524,11.10407,7.60662,5.08032,6.216,532.53201,507.60257,417.64705,392.71762,446.11632,331.53153,277.38481,0
3076,EMPRESA DE ENERGIA ELECTRICA DEL DEPARTAMENTO DEL GUAVIARE SA ESP,681,GUAVIARE,03-2011,127.71038,23.12896,112.07274,124.27254,147.71308,159.91288,84.02013,115.85057,18.48638,107.37581,15.97828,2.77741,0.51151,1.04492,0.02398,386.29016,398.48995,421.9305,434.1303,345.03667,374.60121,277.77044,0
2073,EMPRESA DE ENERGÍA DE PEREIRA S.A. ESP.,162,CALDAS,03-2011,139.33166,23.12896,178.22566,157.985,100.98513,80.74448,115.19113,40.7524,18.48638,1.31338,27.48186,11.88712,8.15176,5.45363,5.89929,375.38081,355.14015,298.14028,277.89963,296.75154,218.57745,193.6133,0
2073,EMPRESA DE ENERGÍA DE PEREIRA S.A. ESP.,163,PEREIRA,03-2011,138.21282,23.12896,115.88925,114.40371,83.75627,82.27072,74.23676,42.57948,18.48638,15.87118,27.28828,11.80162,8.09213,5.41269,5.89929,326.28978,324.80424,294.15679,292.67125,269.15063,233.78386,207.01132,0
694,EMPRESA MUNICIPAL DE ENERGÍA ELÉCTRICA S.A-E.S.P,301,POPAYAN,03-2011,841.86933,23.12896,278.70142,259.05512,81.99951,62.3532,210.7525,23.8904,18.48638,73.41056,138.13304,56.04773,36.38414,22.1801,5.61033,1360.85364,1341.20734,1164.15173,1144.50542,1210.81942,1004.29373,984.68566,0
2438,EMPRESAS MUNICIPALES DE CALI   E.I.C.E  E.S.P,165,CALI,03-2011,117.6549,23.12896,84.50712,93.40073,63.78795,72.68156,54.53768,34.11546,18.48638,30.12552,23.71912,10.22012,6.98656,4.65084,5.85173,284.98735,293.88096,264.26818,273.16179,241.51892,217.86315,199.89834,0
617,EMPRESAS MUNICIPALES DE CARTAGO E.S.P.,168,CARTAGO,03-2011,122.7438,23.12896,103.62101,110.24145,82.35553,88.97597,70.45176,49.08148,18.48638,17.01494,25.17041,11.09076,7.71925,5.28417,10.1733,301.85241,308.47286,280.58693,287.20738,254.60351,229.86173,196.83154,0
564,EMPRESAS PÚBLICAS DE MEDELLIN E.S.P.,704,ANTIOQUIA UNIFICADO CREG078,03-2011,127.87411,23.12896,116.85315,130.25695,73.32745,86.73126,88.04132,45.51133,18.48638,40.98599,20.99029,7.14685,3.82501,1.4241,5.25148,335.08398,348.48778,291.55828,304.96209,292.42872,246.57689,217.15102,0
3372,A.S.C INGENIERIA SOCIEDAD ANONIMA SA ESP.,173,NARIÑO,04-2011,142.18263,21.15801,141.35096,144.84289,70.66671,74.15864,102.89197,34.80076,16.95263,12.82032,52.60493,36.9349,32.03417,28.51355,8.3017,378.41854,381.91047,307.73429,311.22622,324.28952,251.29758,229.92883,0
520,CENTRALES ELECTRICAS DE NARIÑO S.A. E.S.P.,173,NARIÑO,04-2011,127.50576,21.15801,136.39278,134.65958,81.16927,79.43607,93.19779,39.67631,16.95263,95.59656,25.19159,10.91448,7.49481,5.02472,11.7039,417.54861,415.8154,362.3251,360.59189,360.0765,303.13535,277.94157,0
604,CENTRALES ELECTRICAS DEL NORTE DE SANTANDER S.A. ESP,161,NORTE DE SANTANDER,04-2011,129.82609,21.15801,114.49851,121.28384,77.68803,84.47337,80.6557,44.58075,16.95263,46.05182,25.58505,11.08504,7.61198,5.10333,8.70167,345.82114,352.60648,309.01066,315.796,297.47832,257.93032,227.79354,0
2103,CODENSA S.A. ESP,176,BOGOTA,04-2011,124.67151,21.15801,103.942,103.33137,88.36344,87.7528,63.59869,47.72238,16.95263,32.25784,24.70036,10.69715,7.34306,4.92033,8.78293,315.51265,314.90202,299.93409,299.32345,261.16613,241.93573,208.74325,0
637,COMPAÑÍA DE ELECTRICIDAD DE TULUÁ S.A. E.S.P.,166,TULUA,04-2011,138.09597,21.15801,132.34982,135.22902,91.36381,94.24301,93.71577,53.34875,16.95263,27.53226,27.01201,11.71378,8.04958,5.40288,8.72415,354.87221,357.75141,313.8862,316.7654,300.93994,256.90872,217.86589,0
3332,COMPAÑÍA ENERGÉTICA DEL TOLIMA S.A E.S.P,169,TOLIMA,04-2011,134.55199,21.15801,156.9744,160.74059,78.27778,82.04396,117.80839,41.92365,16.95263,45.4759,22.7553,11.45095,7.86839,5.28065,9.51786,390.43347,394.19965,311.73684,315.50302,339.96311,260.4958,232.93704,0
1014,ELECTRIFICADORA DEL HUILA S.A. E.S.P.,170,HUILA,04-2011,117.69141,21.15801,174.28988,173.94557,95.05377,94.70946,130.25369,53.50787,16.95263,58.26865,23.48347,10.15592,6.9636,4.65771,9.755,404.64643,404.30211,325.41032,325.06601,347.28268,267.34454,228.48341,0
600,ELECTRIFICADORA DEL META S.A. E.S.P.,175,META,04-2011,118.5846,21.15801,122.86376,132.05417,80.06976,89.26017,91.05131,49.22064,16.95263,41.10859,23.63848,10.22458,7.01158,4.69076,9.91602,337.26946,346.45987,294.47546,303.66587,292.04311,246.99945,212.41061,0
599,EMPRESA DE ENERGIA DE ARAUCA,159,ARAUCA,04-2011,117.74204,21.15801,307.82949,299.32058,160.11182,151.60291,248.66987,105.30979,16.95263,50.33271,23.49705,10.16386,6.9702,4.66334,11.15958,531.71888,523.20997,384.00121,375.4923,459.22607,312.67233,222.00831,0
500,EMPRESA DE ENERGIA DE BOYACA S.A. ESP EMPRESA DE SERVICIOS PUBLICOS,158,BOYACA,04-2011,117.42242,21.15801,220.06743,202.01616,121.26917,103.2179,156.33998,60.87506,16.95263,76.54952,15.64899,7.17938,2.51781,0.61842,9.53621,460.38257,442.33131,361.58431,343.53304,388.18552,288.05902,242.2372,0
3370,EMPRESA DE ENERGIA DE CASANARE SA ESP,703,CASANARE,04-2011,139.73431,21.15801,132.88365,119.12033,106.85874,93.09543,78.28834,52.08809,16.95263,56.06047,16.39125,7.37473,2.98559,0.77874,11.31823,377.54591,363.7826,351.52101,337.7577,313.93408,283.3447,246.00239,0
523,EMPRESA DE ENERGIA DEL  QUINDIO S.A.E.S.P.,164,QUINDIO,04-2011,130.66945,21.15801,177.91342,164.24539,101.70715,88.03912,121.03842,47.35505,16.95263,27.51278,25.7296,11.14834,7.65582,5.13312,9.28193,392.26519,378.59716,316.05892,302.39089,320.80893,243.63305,210.70791,0
2371,EMPRESA DE ENERGIA DEL BAJO PUTUMAYO  S.A.  E.S.P.,601,BAJO PUTUMAYO,04-2011,131.61837,21.15801,168.36554,174.24238,113.78235,119.65918,131.10345,77.32702,16.95263,95.4139,25.89515,11.22202,7.70751,5.16891,10.545,452.99597,458.87281,398.41278,404.28961,401.06075,343.7698,280.85682,0
1846,EMPRESA DE ENERGIA DEL VALLE DE SIBUNDOY S.A. E.S.P. ,481,SIBUNDOY,04-2011,131.41046,21.15801,253.46613,228.30531,137.51484,112.35402,181.08953,69.02883,16.95263,95.83674,25.86046,11.20722,7.69747,5.16232,10.57405,538.30585,513.14503,422.35456,397.19374,451.276,335.70555,281.09419,0
3076,EMPRESA DE ENERGIA ELECTRICA DEL DEPARTAMENTO DEL GUAVIARE SA ESP,681,GUAVIARE,04-2011,133.19743,21.15801,111.27076,123.58375,147.24179,159.55478,83.04059,115.19687,16.95263,107.92431,16.29923,2.79828,0.48081,1.02637,-0.05315,389.79658,402.10957,425.76761,438.0806,348.06545,377.90428,280.20558,0
694,EMPRESA MUNICIPAL DE ENERGÍA ELÉCTRICA S.A-E.S.P,301,POPAYAN,04-2011,109.81925,21.15801,225.63306,221.07272,90.82085,86.26051,174.49984,45.42879,16.95263,73.51445,21.49378,9.02274,6.0344,3.87557,7.9685,459.58705,455.02672,324.77484,320.2145,395.98279,263.9234,233.28841,0
2438,EMPRESAS MUNICIPALES DE CALI   E.I.C.E  E.S.P,165,CALI,04-2011,103.2174,21.15801,83.44883,92.42499,62.53735,71.51351,53.28428,32.70344,16.95263,30.15408,20.96905,9.04117,6.18398,4.12014,8.939,267.88636,276.86252,246.97488,255.95104,225.79394,202.35591,184.54125,0
617,EMPRESAS MUNICIPALES DE CARTAGO E.S.P.,168,CARTAGO,04-2011,124.00533,21.15801,92.81785,88.608,75.45337,71.24352,49.52154,32.25909,16.95263,17.07819,16.1134,-0.67244,0.12339,-0.09453,11.43969,282.61246,278.40261,265.24798,261.03813,222.53031,206.06369,190.53931,0
564,EMPRESAS PÚBLICAS DE MEDELLIN E.S.P.,704,ANTIOQUIA UNIFICADO CREG078,04-2011,124.69978,21.15801,116.07952,129.60774,72.14983,85.67805,87.09038,44.20508,16.95263,41.09885,20.78065,7.33894,4.11408,1.78342,8.68014,332.49694,346.02516,288.56725,302.09547,290.06609,243.95594,214.37281,0
3372,A.S.C INGENIERIA SOCIEDAD ANONIMA SA ESP.,173,NARIÑO,05-2011,143.0245,22.3428,142.58548,146.08432,71.76151,75.26034,104.00347,35.75625,17.86087,12.87627,53.07185,37.23207,32.27793,28.71884,9.87517,383.77607,387.27491,312.9521,316.45094,329.35428,256.15293,234.69846,0
520,CENTRALES ELECTRICAS DE NARIÑO S.A. E.S.P.,173,NARIÑO,05-2011,131.43467,22.3428,137.62756,135.89078,82.29018,80.55339,94.29658,40.64336,17.86087,95.6339,26.07935,11.30786,7.76981,5.21423,12.07582,425.1941,423.45732,369.85672,368.11994,367.09163,309.90037,284.56229,0
604,CENTRALES ELECTRICAS DEL NORTE DE SANTANDER S.A. ESP,161,NORTE DE SANTANDER,05-2011,128.84518,22.3428,115.67529,122.47404,78.79205,85.5908,81.72065,45.55558,17.86087,46.13016,25.62554,11.10507,7.62712,5.11494,9.94177,348.56074,355.35949,311.6775,318.47625,300.08563,260.44261,230.23572,0
2103,CODENSA S.A. ESP,176,BOGOTA,05-2011,124.24913,22.3428,105.09624,104.4844,89.48688,88.87504,64.62899,48.70342,17.86087,32.28173,25.36341,11.20347,7.81288,5.36405,9.24538,318.5787,317.96685,302.96934,302.35749,263.9515,244.63534,211.34396,0
637,COMPAÑÍA DE ELECTRICIDAD DE TULUÁ S.A. E.S.P.,166,TULUA,05-2011,138.06509,22.3428,133.56742,136.45231,92.50039,95.38528,94.80961,54.34091,17.86087,27.53446,27.22133,11.81019,8.11897,5.45275,9.33984,358.07093,360.95583,317.00391,319.8888,303.90199,259.74206,220.5958,0
3332,COMPAÑÍA ENERGÉTICA DEL TOLIMA S.A E.S.P,169,TOLIMA,05-2011,136.18356,22.3428,158.24371,162.01734,79.39151,83.16515,118.95154,42.89322,17.86087,45.53967,23.17433,11.66464,8.01701,5.38228,10.47648,395.96054,399.73417,317.10835,320.88198,345.15869,265.45274,237.78565,0
1014,ELECTRIFICADORA DEL HUILA S.A. E.S.P.,170,HUILA,05-2011,120.10927,22.3428,175.59499,175.24999,96.20225,95.85725,131.42232,54.50034,17.86087,58.29397,24.11362,10.43706,7.16118,4.79494,9.95509,410.40973,410.06473,331.01699,330.67199,352.5605,272.36264,233.35693,0
600,ELECTRIFICADORA DEL META S.A. E.S.P.,175,META,05-2011,127.81559,22.3428,124.0537,133.26228,81.17511,90.38369,92.13493,50.20464,17.86087,41.07532,25.44651,11.02564,7.57153,5.07657,9.8291,350.56303,359.77161,307.68444,316.89301,304.22338,258.83899,224.00025,0
599,EMPRESA DE ENERGIA DE ARAUCA,159,ARAUCA,05-2011,111.27432,22.3428,309.40331,300.87758,161.39364,152.86791,250.07521,106.40466,17.86087,50.36059,22.58837,9.76469,6.69304,4.47431,12.41261,528.38199,519.85626,380.37232,371.84659,456.23021,309.48802,218.72549,0
500,EMPRESA DE ENERGIA DE BOYACA S.A. ESP EMPRESA DE SERVICIOS PUBLICOS,158,BOYACA,05-2011,74.88612,22.3428,221.46414,203.37719,122.47057,104.38362,157.56079,61.8821,17.86087,76.69109,10.83572,4.90867,1.64612,0.31671,10.30886,416.52873,398.44178,317.53516,299.44821,346.69833,247.75708,202.40644,0
3370,EMPRESA DE ENERGIA DE CASANARE SA ESP,703,CASANARE,05-2011,139.93131,22.3428,134.10576,120.31524,108.02941,94.23889,79.35361,53.07776,17.86087,57.85036,16.54042,7.44567,3.01846,0.79247,13.33026,384.10091,370.31039,358.02456,344.23404,320.254,289.55094,252.10807,0
523,EMPRESA DE ENERGIA DEL  QUINDIO S.A.E.S.P.,164,QUINDIO,05-2011,144.05201,22.3428,179.23932,165.5431,102.87591,89.17969,122.19767,48.33793,17.86087,27.67291,28.23756,12.25116,8.42215,5.65642,13.57894,415.12353,401.42731,338.76012,325.0639,342.09548,264.40674,231.16394,0
2371,EMPRESA DE ENERGIA DEL BAJO PUTUMAYO  S.A.  E.S.P.,601,BAJO PUTUMAYO,05-2011,131.73319,22.3428,169.64893,175.53739,114.95784,120.84629,132.26819,78.36658,17.86087,95.3387,26.12522,11.32579,7.78104,5.22062,10.77363,455.96248,461.85093,401.27138,407.15984,403.78231,346.33594,283.26981,0
1846,EMPRESA DE ENERGIA DEL VALLE DE SIBUNDOY S.A. E.S.P. ,481,SIBUNDOY,05-2011,131.53597,22.3428,254.93709,229.72653,138.75659,113.54602,182.36382,70.05199,17.86087,95.78383,26.09221,11.31166,7.77143,5.21427,10.67708,541.36898,516.15842,425.18848,399.97792,454.01516,338.1631,283.41482,0
3076,EMPRESA DE ENERGIA ELECTRICA DEL DEPARTAMENTO DEL GUAVIARE SA ESP,681,GUAVIARE,05-2011,133.28335,22.3428,112.44343,124.78181,148.48863,160.82702,84.11268,116.31965,17.86087,107.96604,16.4091,2.80067,0.46473,1.01463,0.02191,392.46662,404.80501,428.51183,440.85021,350.52745,380.39848,282.4896,0
694,EMPRESA MUNICIPAL DE ENERGÍA ELÉCTRICA S.A-E.S.P,301,POPAYAN,05-2011,109.83234,22.3428,227.04573,222.47638,91.96702,87.39767,175.7593,46.40529,17.86087,73.60222,21.97807,9.34929,6.32366,4.138,8.82435,463.6255,459.05616,328.5468,323.97745,399.7103,267.33066,236.60057,0
2438,EMPRESAS MUNICIPALES DE CALI   E.I.C.E  E.S.P,165,CALI,05-2011,102.79314,22.3428,84.55896,93.55286,63.60614,72.60004,54.29217,33.65479,17.86087,30.19767,21.1103,9.10751,6.2324,4.15561,10.00099,271.00386,279.99776,250.05104,259.04494,228.73428,205.22178,187.35108,0
617,EMPRESAS MUNICIPALES DE CARTAGO E.S.P.,168,CARTAGO,05-2011,120.5823,22.3428,93.95192,89.73375,76.55312,72.33495,50.52503,33.20956,17.86087,16.36918,15.73962,-0.76324,0.01923,-0.19502,6.65896,275.64478,271.42661,258.24597,254.0278,215.71502,199.18202,183.61907,0
564,EMPRESAS PÚBLICAS DE MEDELLIN E.S.P.,704,ANTIOQUIA UNIFICADO CREG078,05-2011,126.68269,22.3428,117.26214,130.8171,73.24561,86.80057,88.16948,45.17917,17.86087,41.12705,21.3477,7.60049,4.30237,1.91876,9.0231,337.78547,351.34043,293.76894,307.3239,294.9456,248.65717,218.95526,0
3372,A.S.C INGENIERIA SOCIEDAD ANONIMA SA ESP.,173,NARIÑO,06-2011,142.85236,21.33959,137.28007,135.53361,81.63428,79.88782,93.76244,39.83518,16.93969,12.85368,39.45311,24.70024,28.86427,22.90916,13.03255,366.81136,365.0649,311.16558,309.41912,308.54086,258.77764,229.92704,0
520,CENTRALES ELECTRICAS DE NARIÑO S.A. E.S.P.,173,NARIÑO,06-2011,129.51633,21.33959,137.34084,135.59348,81.66658,79.91923,93.80141,39.84678,16.93969,95.89661,25.606,11.1117,7.64008,5.13249,16.67733,426.37671,424.62935,370.70245,368.9551,368.34298,310.91673,285.50205,0
604,CENTRALES ELECTRICAS DEL NORTE DE SANTANDER S.A. ESP,161,NORTE DE SANTANDER,06-2011,126.88366,21.33959,136.9579,132.62482,90.96586,86.63278,91.18158,46.31852,16.93969,46.26157,25.14497,10.90583,7.4953,5.03183,14.14535,370.73303,366.39995,324.741,320.40792,310.71757,262.44399,230.60168,0
2103,CODENSA S.A. ESP,176,BOGOTA,06-2011,127.68628,21.33959,104.61182,103.9963,88.90873,88.29322,63.95354,47.95335,16.93969,32.34604,25.78453,11.38949,7.9426,5.45311,12.60474,324.373,323.75748,308.66991,308.0544,269.31967,249.8726,216.36944,0
637,COMPAÑÍA DE ELECTRICIDAD DE TULUÁ S.A. E.S.P.,166,TULUA,06-2011,136.48441,21.33959,120.2511,122.47975,85.60377,87.83242,81.32021,47.14714,16.93969,27.48071,15.18176,1.89259,2.52548,1.05647,11.80483,332.54241,334.77106,297.89508,300.12372,280.32235,246.78216,215.1057,0
3332,COMPAÑÍA ENERGÉTICA DEL TOLIMA S.A E.S.P,169,TOLIMA,06-2011,134.05903,21.33959,158.06638,161.86267,78.74072,82.53701,118.59557,42.10827,16.93969,45.75048,22.73732,11.45226,7.87585,5.29257,14.43328,396.38608,400.18237,317.06042,320.85671,345.63021,265.56651,237.81464,0
1014,ELECTRIFICADORA DEL HUILA S.A. E.S.P.,170,HUILA,06-2011,121.54985,21.33959,175.51999,175.17292,90.79834,90.45127,131.1402,49.31945,16.93969,58.49457,24.19905,10.47869,7.19235,4.81856,14.54432,415.64737,415.3003,330.92572,330.57865,357.54722,272.44013,237.68657,0
600,ELECTRIFICADORA DEL META S.A. E.S.P.,175,META,06-2011,109.35019,21.33959,123.6851,132.94897,80.54905,89.81292,91.62575,49.46359,16.93969,41.23631,22.11017,9.56483,6.55988,4.38934,14.12527,331.84663,341.1105,288.71057,297.97444,287.24194,242.07484,207.38039,0
599,EMPRESA DE ENERGIA DE ARAUCA,159,ARAUCA,06-2011,132.08102,21.33959,310.12619,301.54927,161.2278,152.65088,250.50245,106.00107,16.93969,50.51076,26.04422,11.30304,7.7723,5.22201,16.8705,556.97229,548.39537,408.0739,399.49698,482.60737,334.57525,242.96357,0
500,EMPRESA DE ENERGIA DE BOYACA S.A. ESP EMPRESA DE SERVICIOS PUBLICOS,158,BOYACA,06-2011,120.16237,21.33959,221.66326,203.4677,122.07529,103.87973,157.4349,61.21116,16.93969,76.75429,16.0226,7.36984,2.60756,0.66717,12.9186,468.8607,450.66515,369.27273,351.07718,395.97958,294.99357,248.7817,0
3370,EMPRESA DE ENERGIA DE CASANARE SA ESP,703,CASANARE,06-2011,139.76204,21.33959,133.78299,119.90966,107.55006,93.67674,78.75959,52.35396,16.93969,56.08435,16.44657,7.415,3.01861,0.80812,15.70269,383.11822,369.24489,356.88529,343.01197,319.06326,288.26123,250.63647,0
523,EMPRESA DE ENERGIA DEL  QUINDIO S.A.E.S.P.,164,QUINDIO,06-2011,133.11362,21.33959,179.19942,165.41983,102.37114,88.59154,121.86875,47.58819,16.93969,27.62235,26.21882,11.37852,7.82404,5.2566,12.49255,399.98636,386.20676,323.15807,309.37848,327.81539,249.98035,216.7644,0
2371,EMPRESA DE ENERGIA DEL BAJO PUTUMAYO  S.A.  E.S.P.,601,BAJO PUTUMAYO,06-2011,131.05363,21.33959,169.54999,175.4738,114.53051,120.45432,131.99769,77.79463,16.93969,95.74784,25.86364,11.22214,7.71526,5.1822,15.60949,459.16419,465.088,404.1447,410.06851,406.97038,349.26044,285.87244,0
1846,EMPRESA DE ENERGIA DEL VALLE DE SIBUNDOY S.A. E.S.P. ,481,SIBUNDOY,06-2011,129.50353,21.33959,255.32753,229.96559,138.44942,113.08749,182.3815,69.43011,16.93969,96.06048,25.56359,11.07676,7.60686,5.10049,13.3422,541.13691,515.77497,424.25881,398.89687,453.70404,337.28276,282.28596,0
3076,EMPRESA DE ENERGIA ELECTRICA DEL DEPARTAMENTO DEL GUAVIARE SA ESP,681,GUAVIARE,06-2011,132.48053,21.33959,112.01555,124.42904,148.28018,160.69368,83.56229,115.98375,16.93969,108.25074,16.26171,2.80475,0.49486,1.03863,0.02589,390.37401,402.78751,426.63864,439.05214,348.4638,378.57537,280.07507,0
694,EMPRESA MUNICIPAL DE ENERGÍA ELÉCTRICA S.A-E.S.P,301,POPAYAN,06-2011,109.70024,21.33959,227.27253,222.67575,91.38275,86.78596,175.73944,45.64143,16.93969,73.79287,22.37089,9.76058,6.74046,4.55904,12.10611,466.58224,461.98545,330.69245,326.09567,402.43884,269.3207,238.43754,0
2438,EMPRESAS MUNICIPALES DE CALI   E.I.C.E  E.S.P,165,CALI,06-2011,114.86011,21.33959,83.95545,93.00335,62.87682,71.92473,53.55702,32.81437,16.93969,30.31583,23.02903,9.95681,6.82564,4.56391,14.18235,287.68236,296.73026,266.60373,275.65164,244.21171,220.33789,202.20148,0
617,EMPRESAS MUNICIPALES DE CARTAGO E.S.P.,168,CARTAGO,06-2011,124.66503,21.33959,93.39844,89.15494,75.89516,71.65166,49.76369,32.36647,16.93969,17.09411,23.33732,9.52768,6.21763,3.82614,15.01805,294.85253,290.60903,277.34925,273.10575,237.40815,216.70087,198.8826,0
564,EMPRESAS PÚBLICAS DE MEDELLIN E.S.P.,704,ANTIOQUIA UNIFICADO CREG078,06-2011,129.97901,21.33959,116.84561,130.48196,72.56478,86.20113,87.6326,44.40794,16.93969,41.27754,21.79641,7.81828,4.46502,2.04162,13.16035,344.39851,358.03486,300.11768,313.75403,301.20737,254.62945,224.7378,0
3372,A.S.C INGENIERIA SOCIEDAD ANONIMA SA ESP.,173,NARIÑO,07-2011,142.99538,22.06163,137.90838,136.16489,82.35748,80.614,94.42252,40.5679,17.70064,12.89804,53.08025,37.25656,32.30761,28.75229,12.91404,381.85772,380.11424,326.30683,324.56334,322.54818,263.74461,237.32202,0
520,CENTRALES ELECTRICAS DE NARIÑO S.A. E.S.P.,173,NARIÑO,07-2011,130.49331,22.06163,137.95902,136.21479,82.3844,80.64017,94.455,40.57756,17.70064,96.18754,25.90657,11.24715,7.73601,5.19987,16.25584,428.86392,427.11969,373.2893,371.54508,370.70048,313.3119,287.89884,0
604,CENTRALES ELECTRICAS DEL NORTE DE SANTANDER S.A. ESP,161,NORTE DE SANTANDER,07-2011,125.42124,22.06163,137.58255,133.25686,91.66895,87.34326,91.84372,47.04018,17.70064,46.35852,25.01945,10.85145,7.45796,5.00679,13.47505,369.91845,365.59276,324.00484,319.67915,310.01161,261.81458,230.02387,0
2103,CODENSA S.A. ESP,176,BOGOTA,07-2011,128.05514,22.06163,105.29011,104.67565,89.6138,88.99934,64.66126,48.67223,17.70064,32.41435,25.97328,11.47286,8.00075,5.49303,11.88063,325.67515,325.06069,309.99885,309.38438,270.54589,251.08473,217.60542,0
637,COMPAÑÍA DE ELECTRICIDAD DE TULUÁ S.A. E.S.P.,166,TULUA,07-2011,136.31804,22.06163,120.90924,123.13408,86.32099,88.54583,82.00195,47.86738,17.70064,27.38787,26.90313,11.68282,8.03735,5.4042,11.91252,345.49243,347.71728,310.90419,313.12903,291.36483,253.5848,220.7849,0
3332,COMPAÑÍA ENERGÉTICA DEL TOLIMA S.A E.S.P,169,TOLIMA,07-2011,134.66546,22.06163,158.66275,162.45257,79.47237,83.26219,119.21526,42.83711,17.70064,45.80301,22.93094,11.54951,7.94256,5.33722,13.51126,397.63505,401.42487,318.44467,322.23449,346.80613,266.82104,239.07922,0
1014,ELECTRIFICADORA DEL HUILA S.A. E.S.P.,170,HUILA,07-2011,124.93235,22.06163,176.08803,175.74155,91.51086,91.16438,131.73928,50.03599,17.70064,58.52771,24.93521,10.81437,7.43218,4.98917,14.04267,420.5876,420.24112,336.01043,335.66395,362.11802,277.03253,242.25417,0
600,ELECTRIFICADORA DEL META S.A. E.S.P.,175,META,07-2011,126.78008,22.06163,139.19998,144.28649,86.8294,91.91591,102.50329,51.48918,17.70064,41.32071,25.2538,10.95465,7.52976,5.05591,13.29401,367.91022,372.99673,315.53964,320.62615,316.91438,262.47538,226.21299,0
599,EMPRESA DE ENERGIA DE ARAUCA,159,ARAUCA,07-2011,130.94206,22.06163,310.46896,301.90666,161.82448,153.26219,250.90035,106.62095,17.70064,50.60831,25.97557,11.27414,7.75293,5.20951,15.85543,555.91196,547.34966,407.26749,398.70519,481.64193,333.84131,242.37759,0
500,EMPRESA DE ENERGIA DE BOYACA S.A. ESP EMPRESA DE SERVICIOS PUBLICOS,158,BOYACA,07-2011,117.20785,22.06163,222.15361,203.98908,122.73546,104.57094,157.9897,61.90743,17.70064,77.14205,15.76664,7.25075,2.56379,0.65408,14.46925,468.80102,450.6365,369.38288,351.21836,396.12122,295.35199,249.2355,0
3370,EMPRESA DE ENERGIA DE CASANARE SA ESP,703,CASANARE,07-2011,139.54283,22.06163,134.42116,120.5715,108.23298,94.38331,79.44743,53.06533,17.70064,53.09391,16.50476,7.44434,3.03391,0.81638,12.37071,377.99501,364.14534,351.80682,337.95715,313.96086,283.16833,245.5861,0
523,EMPRESA DE ENERGIA DEL  QUINDIO S.A.E.S.P.,164,QUINDIO,07-2011,132.58062,22.06163,179.74768,165.99275,103.05689,89.30196,122.47487,48.30512,17.70064,27.70313,26.2862,11.42229,7.86222,5.29075,13.13823,401.5175,387.76257,324.82672,311.07178,329.38078,251.65096,218.47501,0
2371,EMPRESA DE ENERGIA DEL BAJO PUTUMAYO  S.A.  E.S.P.,601,BAJO PUTUMAYO,07-2011,130.92306,22.06163,170.11918,176.03289,115.19352,121.10723,132.59029,78.46261,17.70064,95.97675,25.97228,11.27269,7.75192,5.20882,14.95885,460.01175,465.92545,405.08609,410.99979,407.78327,350.13481,286.82974,0
1846,EMPRESA DE ENERGIA DEL VALLE DE SIBUNDOY S.A. E.S.P. ,481,SIBUNDOY,07-2011,130.79933,22.06163,255.76789,230.4492,139.0891,113.77041,182.89787,70.11236,17.70064,96.29313,25.95418,11.26603,7.748,5.20689,14.0533,544.92947,519.61078,428.25068,402.93199,457.3713,341.06776,286.11493,0
3076,EMPRESA DE ENERGIA ELECTRICA DEL DEPARTAMENTO DEL GUAVIARE SA ESP,681,GUAVIARE,07-2011,132.35969,22.06163,112.66972,125.061,148.86945,161.26073,84.229,116.57828,17.70064,108.58931,16.3367,2.82545,0.50626,1.05222,0.02939,392.04645,404.43773,428.24618,440.63746,350.09448,380.12457,281.79289,0
694,EMPRESA MUNICIPAL DE ENERGÍA ELÉCTRICA S.A-E.S.P,301,POPAYAN,07-2011,109.68373,22.06163,281.86583,261.91277,82.09258,62.13952,212.91998,23.17434,17.70064,74.04453,20.75343,8.33868,5.36244,3.21201,12.18027,520.58943,500.63636,320.81618,300.86311,439.22882,246.50695,238.88281,0
2438,EMPRESAS MUNICIPALES DE CALI   E.I.C.E  E.S.P,165,CALI,07-2011,105.61615,22.06163,84.66572,93.6982,63.62304,72.65552,54.28066,33.55906,17.70064,30.32948,21.58533,9.33153,6.39638,4.27625,13.59172,277.85003,286.88251,256.80735,265.83983,235.21118,211.55443,193.57588,0
617,EMPRESAS MUNICIPALES DE CARTAGO E.S.P.,168,CARTAGO,07-2011,122.1814,22.06163,94.12947,89.8914,76.64859,72.41051,50.51027,33.1184,17.70064,17.18544,24.3211,10.48738,7.17368,4.78008,16.41005,296.2891,292.05103,278.80821,274.57014,238.83618,218.13061,200.31925,0
564,EMPRESAS PÚBLICAS DE MEDELLIN E.S.P.,704,ANTIOQUIA UNIFICADO CREG078,07-2011,131.85161,22.06163,124.97703,126.02696,81.71694,82.76687,83.45513,41.28332,17.70064,41.34354,11.50737,3.62572,0.17203,-1.87256,12.21767,343.95887,345.0088,300.69878,301.74871,294.5553,248.92981,223.30254,0
3372,A.S.C INGENIERIA SOCIEDAD ANONIMA SA ESP.,173,NARIÑO,08-2011,142.04936,21.64464,136.75857,135.02432,81.50185,79.7676,93.52364,39.96361,17.2227,12.93585,52.6584,36.96283,32.054,28.52751,13.57057,379.6174,377.88315,324.36068,322.62643,320.68689,262.21803,235.95063,0
520,CENTRALES ELECTRICAS DE NARIÑO S.A. E.S.P.,173,NARIÑO,08-2011,129.53496,21.64464,136.7687,135.0343,81.50723,79.77283,93.53013,39.96554,17.2227,96.31598,25.65517,11.13067,7.65181,5.13899,17.04456,426.964,425.2296,371.70254,369.96814,369.20094,312.15749,286.90182,0
604,CENTRALES ELECTRICAS DEL NORTE DE SANTANDER S.A. ESP,161,NORTE DE SANTANDER,08-2011,122.24943,21.64464,136.43651,132.13373,90.76605,86.46327,90.95963,46.40162,17.2227,46.44604,24.38976,10.56976,7.25958,4.86858,14.62867,365.79505,361.49227,320.12459,315.82181,306.49817,258.62998,227.06006,0
2103,CODENSA S.A. ESP,176,BOGOTA,08-2011,126.88652,21.64464,104.31582,103.70461,88.72253,88.11132,63.92153,48.02502,17.2227,32.49739,25.69894,11.35168,7.91624,5.43501,13.1545,324.19781,323.5866,308.60451,307.9933,269.45626,250.1243,216.84075,0
637,COMPAÑÍA DE ELECTRICIDAD DE TULUÁ S.A. E.S.P.,166,TULUA,08-2011,135.47598,21.64464,119.84907,122.06213,85.44399,87.65705,81.16863,47.22444,17.2227,27.50952,26.6777,11.58017,7.96409,5.35215,13.78888,344.94579,347.15885,310.54071,312.75377,291.16782,253.60755,220.99387,0
3332,COMPAÑÍA ENERGÉTICA DEL TOLIMA S.A E.S.P,169,TOLIMA,08-2011,133.65164,21.64464,157.40133,161.17108,78.6303,82.40005,118.18414,42.2208,17.2227,45.94876,22.71635,11.43946,7.86563,5.28421,14.97486,396.33759,400.10734,317.56656,321.33631,345.8435,266.30634,238.72682,0
1014,ELECTRIFICADORA DEL HUILA S.A. E.S.P.,170,HUILA,08-2011,124.50779,21.64464,174.73364,174.389,90.60435,90.25971,130.64145,49.38156,17.2227,58.66256,24.78027,10.74216,7.37975,4.95104,14.52793,418.85683,418.51219,334.72754,334.3829,360.72653,276.10423,241.51666,0
600,ELECTRIFICADORA DEL META S.A. E.S.P.,175,META,08-2011,117.05813,21.64464,138.04687,143.10644,85.95362,91.01319,101.56359,50.82705,17.2227,41.43478,23.49043,10.17205,6.98199,4.67774,15.05712,356.73198,361.79155,304.63872,309.6983,306.93031,253.00372,217.09512,0
599,EMPRESA DE ENERGIA DE ARAUCA,159,ARAUCA,08-2011,127.48345,21.64464,308.40087,299.88392,160.54355,152.02659,249.17035,105.66687,17.2227,50.79266,25.29437,10.96894,7.53774,5.05934,17.71315,551.32914,542.81219,403.47182,394.95487,477.77319,330.83851,239.91593,0
500,EMPRESA DE ENERGIA DE BOYACA S.A. ESP EMPRESA DE SERVICIOS PUBLICOS,158,BOYACA,08-2011,128.84684,21.64464,220.55479,202.48645,121.66312,103.59478,156.75259,61.19013,17.2227,77.16295,17.06192,7.85717,2.79115,0.72701,14.00468,479.27582,461.20749,380.38415,362.31582,406.26888,305.64041,259.60883,0
3370,EMPRESA DE ENERGIA DE CASANARE SA ESP,703,CASANARE,08-2011,138.67023,21.64464,133.28792,119.5116,107.23842,93.46209,78.62679,52.39486,17.2227,57.21099,16.35757,7.37097,2.99644,0.79695,17.73661,384.90797,371.13164,358.85846,345.08213,321.26023,290.65377,253.28211,0
523,EMPRESA DE ENERGIA DEL  QUINDIO S.A.E.S.P.,164,QUINDIO,08-2011,132.29821,21.64464,178.31951,164.64208,102.06085,88.38343,121.3908,47.64956,17.2227,27.79439,26.12765,11.33711,7.79453,5.23569,12.54504,398.72944,385.05201,322.47078,308.79335,327.01019,249.72637,216.74067,0
2371,EMPRESA DE ENERGIA DEL BAJO PUTUMAYO  S.A.  E.S.P.,601,BAJO PUTUMAYO,08-2011,129.97362,21.64464,168.80079,174.68318,114.16599,120.04838,131.4904,77.65765,17.2227,96.10986,25.72522,11.15926,7.67046,5.15045,15.49977,457.75391,463.6363,403.11911,409.0015,405.87755,348.556,285.60105,0
1846,EMPRESA DE ENERGIA DEL VALLE DE SIBUNDOY S.A. E.S.P. ,481,SIBUNDOY,08-2011,129.89648,21.64464,253.98745,228.80284,137.92654,112.74193,181.52686,69.35161,17.2227,96.5366,25.71229,11.15371,7.66668,5.14796,15.97251,543.74998,518.56537,427.68907,402.50446,456.73081,341.06854,286.42089,0
3076,EMPRESA DE ENERGIA ELECTRICA DEL DEPARTAMENTO DEL GUAVIARE SA ESP,681,GUAVIARE,08-2011,131.36912,21.64464,111.62636,123.94782,147.62211,159.94357,83.36424,115.53801,17.2227,108.85585,16.16692,2.78195,0.4844,1.02527,0.03063,389.69352,402.01497,425.68927,438.01073,348.04643,377.92265,280.1482,0
694,EMPRESA MUNICIPAL DE ENERGÍA ELÉCTRICA S.A-E.S.P,301,POPAYAN,08-2011,109.54152,21.64464,279.94863,260.10123,81.23328,61.38588,211.39077,22.66216,17.2227,74.16367,15.11548,3.48003,0.68598,-1.33397,12.6892,513.10314,493.25574,314.3878,294.5404,432.90983,241.38717,233.92776,0
2438,EMPRESAS MUNICIPALES DE CALI   E.I.C.E  E.S.P,165,CALI,08-2011,140.02988,21.64464,83.80223,92.78687,62.87098,71.85562,53.59678,32.99188,17.2227,30.41013,27.4582,11.92194,8.20079,5.51297,14.55149,317.89657,326.88122,296.96532,305.94997,272.15487,247.82882,229.37181,0
617,EMPRESAS MUNICIPALES DE CARTAGO E.S.P.,168,CARTAGO,08-2011,127.2978,21.64464,93.18807,88.97388,75.80569,71.5915,49.83412,32.54841,17.2227,17.17643,25.14621,10.85668,7.43386,4.96146,14.77915,299.23231,295.01812,281.84993,277.63574,241.58882,220.8803,203.08218,0
564,EMPRESAS PÚBLICAS DE MEDELLIN E.S.P.,704,ANTIOQUIA UNIFICADO CREG078,08-2011,130.96851,21.64464,123.89656,124.94093,80.86556,81.90993,82.61484,40.67524,17.2227,41.43822,11.13578,3.3427,-0.07237,-2.09415,13.33848,342.42219,343.46656,299.39119,300.43555,293.34739,247.99272,222.5184,0
3372,A.S.C INGENIERIA SOCIEDAD ANONIMA SA ESP.,173,NARIÑO,09-2011,142.01767,20.74696,136.20698,134.47407,80.99296,79.26005,93.0274,39.51876,16.80101,12.92663,52.56629,36.93297,32.04392,28.53175,13.3186,377.78313,376.05022,322.56911,320.8362,318.97022,260.57253,234.34262,0
520,CENTRALES ELECTRICAS DE NARIÑO S.A. E.S.P.,173,NARIÑO,09-2011,128.82183,20.74696,136.36903,134.63374,81.0791,79.34381,93.13133,39.54968,16.80101,96.2429,25.42873,11.05168,7.60823,5.12101,15.54474,423.15418,421.41889,367.86425,366.12895,365.53943,308.51433,283.27844,0
604,CENTRALES ELECTRICAS DEL NORTE DE SANTANDER S.A. ESP,161,NORTE DE SANTANDER,09-2011,124.69596,20.74696,135.88735,131.58789,90.25218,85.95272,90.46659,45.95179,16.80101,46.34737,24.71053,10.73269,7.38483,4.96663,12.73488,365.12306,360.8236,319.48789,315.18843,305.72447,257.8618,226.29282,0
2103,CODENSA S.A. ESP,176,BOGOTA,09-2011,128.02309,20.74696,103.79227,103.18153,88.21102,87.60028,63.44983,47.57394,16.80101,32.48784,25.74027,11.36994,7.92897,5.44375,12.43519,323.22561,322.61487,307.64437,307.03363,268.51284,249.19599,215.93784,0
637,COMPAÑÍA DE ELECTRICIDAD DE TULUÁ S.A. E.S.P.,166,TULUA,09-2011,135.42366,20.74696,119.31014,121.52149,84.93165,87.143,80.68172,46.77398,16.80101,27.35483,26.56699,11.55287,7.95686,5.35945,11.83213,341.2347,343.44606,306.85621,309.06756,287.59215,250.08841,217.51803,0
3332,COMPAÑÍA ENERGÉTICA DEL TOLIMA S.A E.S.P,169,TOLIMA,09-2011,133.52047,20.74696,156.83197,160.59881,78.12182,81.88865,117.66783,41.77421,16.80101,45.82686,22.61843,11.40987,7.85779,5.29209,13.39064,392.93532,396.70216,314.22517,317.992,342.56263,263.11692,235.57803,0
1014,ELECTRIFICADORA DEL HUILA S.A. E.S.P.,170,HUILA,09-2011,126.49478,20.74696,174.15015,173.80577,90.08587,89.7415,130.11512,48.92943,16.80101,58.84472,25.02282,10.87107,7.48155,5.03328,13.82147,419.08089,418.73651,335.01661,334.67224,360.8941,276.3189,241.74221,0
600,ELECTRIFICADORA DEL META S.A. E.S.P.,175,META,09-2011,122.48159,20.74696,137.49804,142.5537,85.44504,90.50071,101.06323,50.37381,16.80101,41.34498,24.32678,10.56294,7.26631,4.88512,13.40659,359.80494,364.8606,307.75195,312.80761,309.60629,255.62024,219.66625,0
599,EMPRESA DE ENERGIA DE ARAUCA,159,ARAUCA,09-2011,133.22286,20.74696,307.71187,299.2015,159.96881,151.45844,248.55119,105.17125,16.80101,50.72641,26.18335,11.38225,7.83725,5.27668,15.61142,554.20287,545.6925,406.45982,397.94944,480.2411,333.31615,242.38534,0
500,EMPRESA DE ENERGIA DE BOYACA S.A. ESP EMPRESA DE SERVICIOS PUBLICOS,158,BOYACA,09-2011,129.18625,20.74696,219.93537,201.881,121.12012,103.06575,156.20578,60.72888,16.80101,77.21775,17.04738,7.87164,2.8217,0.76413,13.65153,477.78524,459.73087,378.96999,360.91562,404.87991,304.35306,258.36763,0
3370,EMPRESA DE ENERGIA DE CASANARE SA ESP,703,CASANARE,09-2011,80.97285,20.74696,132.737,118.97132,106.70762,92.94194,78.14095,51.9404,16.80101,56.32049,10.26196,4.5715,1.80127,0.40835,16.84762,317.88688,304.1212,291.8575,278.09182,257.60037,228.62959,192.09728,0
523,EMPRESA DE ENERGIA DEL  QUINDIO S.A.E.S.P.,164,QUINDIO,09-2011,133.06426,20.74696,177.93854,164.25406,101.6406,87.95612,121.00484,47.23765,16.80101,27.75437,26.15928,11.37298,7.83153,5.27352,11.32542,396.98883,383.30436,320.6909,307.00642,325.26884,247.9602,214.96555,0
2371,EMPRESA DE ENERGIA DEL BAJO PUTUMAYO  S.A.  E.S.P.,601,BAJO PUTUMAYO,09-2011,130.02765,20.74696,168.22656,174.1044,113.63398,119.51183,130.96601,77.18367,16.80101,96.05626,25.63326,11.14038,7.66918,5.16191,15.07812,455.7688,461.64664,401.17622,407.05407,404.01536,346.76183,283.87191,0
1846,EMPRESA DE ENERGIA DEL VALLE DE SIBUNDOY S.A. E.S.P. ,481,SIBUNDOY,09-2011,129.93828,20.74696,253.33836,228.17322,137.36714,112.20199,180.95878,68.88405,16.80101,96.42217,25.61924,11.13477,7.66559,5.15978,13.89051,539.95553,514.79038,423.98431,398.81916,453.09147,337.54756,282.95871,0
3076,EMPRESA DE ENERGIA ELECTRICA DEL DEPARTAMENTO DEL GUAVIARE SA ESP,681,GUAVIARE,09-2011,131.44229,20.74696,111.21882,123.54663,147.23312,159.56093,82.96304,115.16108,16.80101,108.69119,-169.44907,-297.47601,208.13606,1961.31859,0.01744,202.66763,214.99543,238.68193,251.00973,46.3849,584.19502,2239.01748,0
694,EMPRESA MUNICIPAL DE ENERGÍA ELÉCTRICA S.A-E.S.P,301,POPAYAN,09-2011,109.55293,20.74696,279.281,259.44894,80.71922,60.88716,210.80046,22.23068,16.80101,74.11133,22.12982,9.6086,6.60959,4.44337,11.83711,517.65914,497.82708,319.09737,299.2653,436.65739,245.08859,237.49271,0
2438,EMPRESAS MUNICIPALES DE CALI   E.I.C.E  E.S.P,165,CALI,09-2011,135.96584,20.74696,83.2962,92.2739,62.38113,71.35883,53.13399,32.55242,16.80101,30.4213,26.62107,11.56075,7.9536,5.34813,13.87903,310.9304,319.90811,290.01533,298.99303,265.70786,241.51915,223.16227,0
617,EMPRESAS MUNICIPALES DE CARTAGO E.S.P.,168,CARTAGO,09-2011,130.10982,20.74696,92.76818,88.55182,75.37684,71.16048,49.41404,32.12873,16.80101,17.17059,25.50331,11.02482,7.5568,5.05177,13.48212,299.78098,295.56462,282.38964,278.17327,241.94835,221.19502,203.36227,0
564,EMPRESAS PÚBLICAS DE MEDELLIN E.S.P.,704,ANTIOQUIA UNIFICADO CREG078,09-2011,131.165,20.74696,123.35583,124.39939,80.35808,81.40164,82.12758,40.22984,16.80101,41.40587,11.44744,3.65986,0.24753,-1.77254,11.95298,340.07407,341.11763,297.07632,298.11988,291.05825,245.74817,220.29927,0
3372,A.S.C INGENIERIA SOCIEDAD ANONIMA SA ESP.,173,NARIÑO,10-2011,143.47401,21.27836,137.56149,135.81533,81.9252,80.17903,94.03629,40.1114,17.21598,12.92408,53.13165,37.31733,32.37157,28.81862,11.54603,379.91562,378.16946,324.27932,322.53316,320.57609,261.70544,235.25707,0
520,CENTRALES ELECTRICAS DE NARIÑO S.A. E.S.P.,173,NARIÑO,10-2011,130.37322,21.27836,137.63239,135.88519,81.96288,80.21568,94.08175,40.12492,17.21598,96.53694,25.76072,11.18691,7.69629,5.17499,13.82645,425.40808,423.66087,369.73857,367.99136,367.28363,309.83618,284.40593,0
604,CENTRALES ELECTRICAS DEL NORTE DE SANTANDER S.A. ESP,161,NORTE DE SANTANDER,10-2011,127.75885,21.27836,137.23789,132.90555,91.2537,86.92136,91.45504,46.59363,17.21598,46.42792,25.328,11.00367,7.57283,5.09471,10.95251,368.98352,364.65118,322.99933,318.66699,308.87635,260.5841,228.72832,0
2103,CODENSA S.A. ESP,176,BOGOTA,10-2011,129.20823,21.27836,104.89679,104.28138,89.19638,88.58097,64.23134,48.22818,17.21598,32.60298,26.03727,11.50113,8.02046,5.50656,11.5369,325.56052,324.94511,309.86012,309.24471,270.35893,250.8751,217.349,0
637,COMPAÑÍA DE ELECTRICIDAD DE TULUÁ S.A. E.S.P.,166,TULUA,10-2011,136.33198,21.27836,120.53571,122.76398,85.89429,88.12255,81.59633,47.4221,17.21598,27.3639,26.78447,11.6362,8.00801,5.38735,10.79026,343.08468,345.31294,308.44325,310.67152,288.99703,251.19461,218.36782,0
3332,COMPAÑÍA ENERGÉTICA DEL TOLIMA S.A E.S.P,169,TOLIMA,10-2011,134.68653,21.27836,158.3455,162.14114,79.03337,82.82901,118.86587,42.3841,17.21598,45.92497,22.84257,11.51368,7.92342,5.33014,12.29012,395.36805,399.16369,316.05591,319.85156,344.55953,264.48749,236.7261,0
1014,ELECTRIFICADORA DEL HUILA S.A. E.S.P.,170,HUILA,10-2011,127.41052,21.27836,175.79664,175.44963,91.08944,90.74243,131.40864,49.59404,17.21598,58.89374,25.24125,10.95468,7.53283,5.06119,11.63978,420.26028,419.91328,335.55308,335.20608,361.58572,276.34927,241.49957,0
600,ELECTRIFICADORA DEL META S.A. E.S.P.,175,META,10-2011,128.07076,21.27836,138.85979,143.95412,86.4087,91.50302,102.1321,51.04946,17.21598,41.4623,25.35893,11.00806,7.57082,5.08806,11.93793,366.96808,372.06241,314.51699,319.61132,315.88952,261.36964,225.0534,0
599,EMPRESA DE ENERGIA DE ARAUCA,159,ARAUCA,10-2011,132.97353,21.27836,310.3814,301.80594,161.5084,152.93294,250.75137,106.266,17.21598,50.88511,26.20919,11.38443,7.83371,5.269,16.86359,558.59117,550.01572,409.71818,401.14272,484.13639,336.1003,244.48558,0
500,EMPRESA DE ENERGIA DE BOYACA S.A. ESP EMPRESA DE SERVICIOS PUBLICOS,158,BOYACA,10-2011,129.12012,21.27836,221.93239,203.73994,122.36141,104.16896,157.69905,61.48373,17.21598,77.32666,17.07638,7.87469,2.81041,0.74699,13.05404,479.78795,461.5955,380.21696,362.02451,406.35292,305.07332,258.74214,0
3370,EMPRESA DE ENERGIA DE CASANARE SA ESP,703,CASANARE,10-2011,139.22931,21.27836,134.06639,120.19543,107.83794,93.96698,79.03677,52.62804,17.21598,52.78704,16.40307,7.40313,3.02216,0.81943,13.35411,377.11829,363.24733,350.88984,337.01888,313.08872,282.29902,244.68424,0
523,EMPRESA DE ENERGIA DEL  QUINDIO S.A.E.S.P.,164,QUINDIO,10-2011,134.04444,21.27836,179.48916,165.71074,102.66743,88.889,122.14767,47.86568,17.21598,27.84418,26.38898,11.46163,7.88634,5.30388,0,389.04511,375.26669,312.22337,298.44495,316.77627,238.91899,205.68683,0
2371,EMPRESA DE ENERGIA DEL BAJO PUTUMAYO  S.A.  E.S.P.,601,BAJO PUTUMAYO,10-2011,130.24289,21.27836,169.82447,175.74727,114.81437,120.73717,132.26421,78.06436,17.21598,96.42821,25.73673,11.17573,7.68818,5.16909,14.13211,457.64276,463.56556,402.63266,408.55546,405.52151,347.83411,284.46663,0
1846,EMPRESA DE ENERGIA DEL VALLE DE SIBUNDOY S.A. E.S.P. ,481,SIBUNDOY,10-2011,130.2101,21.27836,255.59354,230.23593,138.73537,113.37776,182.64285,69.70128,17.21598,96.76755,25.73065,11.17288,7.6861,5.16756,13.02907,542.60927,517.25165,425.75109,400.39348,455.10081,338.67245,283.66862,0
3076,EMPRESA DE ENERGIA ELECTRICA DEL DEPARTAMENTO DEL GUAVIARE SA ESP,681,GUAVIARE,10-2011,131.56638,21.27836,112.30598,124.71842,148.56753,160.97996,83.84168,116.25541,17.21598,109.06171,-170.179,-298.76461,208.98927,1968.47445,-0.01108,204.02235,216.43479,240.28389,252.69633,46.97244,587.14005,2247.5858,0
694,EMPRESA MUNICIPAL DE ENERGÍA ELÉCTRICA S.A-E.S.P,301,POPAYAN,10-2011,109.56531,21.27836,281.73352,261.74978,81.65314,61.6694,212.71217,22.69109,17.21598,74.32083,20.11002,7.85266,4.91345,2.78961,11.1973,518.20534,498.2216,318.12495,298.14121,436.92663,243.96634,236.36738,0
2438,EMPRESAS MUNICIPALES DE CALI   E.I.C.E  E.S.P,165,CALI,10-2011,139.33208,21.27836,84.2428,93.28916,63.16777,72.21413,53.83595,33.09178,17.21598,30.48172,27.29657,11.85959,8.16226,5.49165,12.44672,315.07825,324.12461,294.00322,303.04958,269.23443,244.79292,226.24652,0
617,EMPRESAS MUNICIPALES DE CARTAGO E.S.P.,168,CARTAGO,10-2011,127.72404,21.27836,93.68591,89.44313,76.18562,71.94284,50.04424,32.64395,17.21598,17.05832,25.29945,10.98199,7.55275,5.07577,13.98703,299.0331,294.79033,281.53281,277.29003,241.07397,220.24444,202.33949,0
564,EMPRESAS PÚBLICAS DE MEDELLIN E.S.P.,704,ANTIOQUIA UNIFICADO CREG078,10-2011,130.82155,21.27836,124.61141,125.66295,81.28482,82.33636,83.05272,40.82791,17.21598,41.53845,11.22713,3.44951,0.04133,-1.97634,11.37898,340.85587,341.90741,297.52927,298.58081,291.51955,245.88657,220.25697,0
3372,A.S.C INGENIERIA SOCIEDAD ANONIMA SA ESP.,173,NARIÑO,11-2011,144.51535,20.98196,138.69391,136.93241,82.56891,80.80741,94.79012,40.39326,17.29769,12.95204,53.76155,37.82747,32.84473,29.26536,19.85708,390.7619,389.0004,334.6369,332.8754,330.92402,271.54442,244.86948,0
520,CENTRALES ELECTRICAS DE NARIÑO S.A. E.S.P.,173,NARIÑO,11-2011,129.9485,20.98196,138.96738,137.20186,82.71427,80.94875,94.96549,40.44544,17.29769,96.71772,25.63368,11.12987,7.65601,5.1468,24.24081,436.49005,434.72452,380.23694,378.47142,377.98435,319.99044,294.33348,0
604,CENTRALES ELECTRICAS DEL NORTE DE SANTANDER S.A. ESP,161,NORTE DE SANTANDER,11-2011,128.58485,20.98196,138.36784,133.99745,91.97973,87.60933,92.18641,46.93243,17.29769,46.51491,25.37648,11.00769,7.56612,5.08022,18.20303,378.02906,373.65866,331.64095,327.27055,317.47884,268.78329,236.66265,0
2103,CODENSA S.A. ESP,176,BOGOTA,11-2011,130.16284,20.98196,105.74279,105.12198,89.90447,89.28366,64.72365,48.58134,17.29769,32.67619,26.15115,11.55143,8.05554,5.53064,20.37434,336.08928,335.46846,320.25096,319.63014,280.47042,260.83221,227.02366,0
637,COMPAÑÍA DE ELECTRICIDAD DE TULUÁ S.A. E.S.P.,166,TULUA,11-2011,137.38501,20.98196,121.51851,123.76635,86.5728,88.82064,82.24086,47.76818,17.29769,27.51147,26.87985,11.664,8.01956,5.38715,17.28272,351.55952,353.80736,316.61381,318.86165,297.06602,258.9489,225.84599,0
3332,COMPAÑÍA ENERGÉTICA DEL TOLIMA S.A E.S.P,169,TOLIMA,11-2011,136.32887,20.98196,159.66018,163.48916,79.65137,83.48036,119.83764,42.68592,17.29769,45.98009,23.03941,11.61278,7.99154,5.37589,20.40143,406.39193,410.22091,326.38313,330.21211,355.14276,274.36981,246.36592,0
1014,ELECTRIFICADORA DEL HUILA S.A. E.S.P.,170,HUILA,11-2011,128.46819,20.98196,177.26448,176.91442,91.81322,91.46317,132.49051,49.9592,17.29769,59.02053,25.33412,10.98004,7.54195,5.05856,20.05491,431.1242,430.77414,345.67294,345.32288,371.99614,286.02674,250.88184,0
600,ELECTRIFICADORA DEL META S.A. E.S.P.,175,META,11-2011,131.24258,20.98196,140.00425,145.14333,87.09243,92.23151,102.95741,51.42741,17.29769,41.55493,25.85241,11.2244,7.72079,5.1901,20.64532,380.28145,385.42053,327.36963,332.50871,328.6066,273.57299,236.91257,0
599,EMPRESA DE ENERGIA DE ARAUCA,159,ARAUCA,11-2011,132.1274,20.98196,313.03104,304.38026,162.85036,154.19957,252.88133,107.12896,17.29769,50.88086,26.00431,11.29102,7.76698,5.22154,25.79259,568.81816,560.16737,418.63747,409.98669,493.95516,344.67875,252.30204,0
500,EMPRESA DE ENERGIA DE BOYACA S.A. ESP EMPRESA DE SERVICIOS PUBLICOS,158,BOYACA,11-2011,130.962,20.98196,223.8054,205.45315,123.35979,105.00754,159.0118,61.95333,17.29769,77.48704,17.25147,7.95525,2.83895,0.75433,20.18582,490.67368,472.32143,390.22808,371.87583,416.58387,314.4091,267.66884,0
3370,EMPRESA DE ENERGIA DE CASANARE SA ESP,703,CASANARE,11-2011,140.29143,20.98196,135.16777,121.17496,108.70893,94.71613,79.65865,53.01985,17.29769,56.20797,16.47956,7.43685,3.03505,0.82186,26.00454,395.13322,381.14042,368.67439,354.68158,330.5814,299.5408,261.60545,0
523,EMPRESA DE ENERGIA DEL  QUINDIO S.A.E.S.P.,164,QUINDIO,11-2011,134.22839,20.98196,180.89279,167.00163,103.44249,89.55133,123.08547,48.19735,17.29769,27.89796,26.33399,11.42301,7.85157,5.27187,19.60981,409.94491,396.05375,332.49461,318.60345,337.2266,258.76705,225.28769,0
2371,EMPRESA DE ENERGIA DEL BAJO PUTUMAYO  S.A.  E.S.P.,601,BAJO PUTUMAYO,11-2011,131.13405,20.98196,171.24065,177.21547,115.74734,121.72217,133.35404,78.6796,17.29769,96.4783,25.83521,11.21744,7.71629,5.18737,23.18106,468.85123,474.82606,413.35793,419.33275,416.34686,358.17127,294.26043,0
1846,EMPRESA DE ENERGIA DEL VALLE DE SIBUNDOY S.A. E.S.P. ,481,SIBUNDOY,11-2011,131.08398,20.98196,257.76157,232.18122,139.87693,114.29658,184.17434,70.24306,17.29769,96.95518,25.82845,11.21523,7.71516,5.18703,23.15487,555.76601,530.18566,437.88137,412.30102,467.56556,350.13421,294.66071,0
3076,EMPRESA DE ENERGIA ELECTRICA DEL DEPARTAMENTO DEL GUAVIARE SA ESP,681,GUAVIARE,11-2011,127.08519,20.98196,113.37663,125.91919,150.01831,162.56087,84.61872,117.37402,17.29769,109.33131,-164.85994,-289.45174,202.31153,1903.18791,-0.07277,205.84238,218.38494,242.48406,255.02662,52.49267,577.01124,2177.81129,0
694,EMPRESA MUNICIPAL DE ENERGÍA ELÉCTRICA S.A-E.S.P,301,POPAYAN,11-2011,109.68691,20.98196,284.13142,263.97214,82.29355,62.13427,214.50794,22.81994,17.29769,74.43792,21.94814,9.42931,6.43041,4.26417,17.21795,528.4043,508.24502,326.56643,306.40715,446.26198,251.5751,243.8866,0
2438,EMPRESAS MUNICIPALES DE CALI   E.I.C.E  E.S.P,165,CALI,11-2011,136.38852,20.98196,84.90766,94.03349,63.64751,72.77333,54.23711,33.31198,17.29769,30.49762,26.69635,11.57847,7.95748,5.34198,1.93417,301.40629,310.53211,280.14613,289.27196,255.61786,231.07173,212.44194,0
617,EMPRESAS MUNICIPALES DE CARTAGO E.S.P.,168,CARTAGO,11-2011,131.03937,20.98196,94.43329,90.15324,76.77928,72.49923,50.41185,32.86022,17.29769,17.08932,25.81741,11.209,7.71009,5.18279,23.31601,312.67735,308.3973,295.02333,290.74329,254.04751,232.99697,214.90712,0
564,EMPRESAS PÚBLICAS DE MEDELLIN E.S.P.,704,ANTIOQUIA UNIFICADO CREG078,11-2011,130.88172,20.98196,125.63024,126.69101,81.92306,82.98384,83.71017,41.11607,17.29769,41.60489,10.99344,3.24494,-0.15061,-2.16085,18.8222,348.91445,349.97522,305.20727,306.26805,299.24587,253.25623,227.4276,0
3372,A.S.C INGENIERIA SOCIEDAD ANONIMA SA ESP.,173,NARIÑO,12-2011,144.78784,21.38447,139.30252,137.53878,83.10634,81.34261,95.32175,40.84622,17.71593,12.97716,53.59465,37.64323,32.65461,29.07087,20.6204,392.66703,390.9033,336.47086,334.70713,332.73486,273.27069,246.55667,0
520,CENTRALES ELECTRICAS DE NARIÑO S.A. E.S.P.,173,NARIÑO,12-2011,129.94183,21.38447,139.59623,137.82818,83.26247,81.49441,95.51012,40.90226,17.71593,96.85723,25.69094,11.15065,7.66803,5.15249,25.566,439.03671,437.26865,382.70294,380.93488,380.4103,322.31982,296.61796,0
2103,CODENSA S.A. ESP,176,BOGOTA,12-2011,130.75021,21.38447,106.30674,105.68513,90.44833,89.82673,65.21556,49.04468,17.71593,32.68886,26.32242,11.62709,8.10829,5.56686,20.37548,337.82818,337.20657,321.96977,321.34817,282.04166,262.352,228.48182,0
637,COMPAÑÍA DE ELECTRICIDAD DE TULUÁ S.A. E.S.P.,166,TULUA,12-2011,137.76135,21.38447,122.10573,124.35641,87.1157,89.36639,82.7568,48.23049,17.71593,27.63537,27.04755,11.75137,8.08776,5.4415,19.23811,355.17257,357.42325,320.18254,322.43323,300.52746,262.33754,229.17673,0
3332,COMPAÑÍA ENERGÉTICA DEL TOLIMA S.A E.S.P,169,TOLIMA,12-2011,136.96956,21.38447,160.29713,164.13097,80.18687,84.02071,120.40201,43.14179,17.71593,46.04929,23.18728,11.68548,8.04041,5.40754,21.29073,409.17846,413.0123,329.0682,332.90204,357.78154,276.87625,248.81752,0
1014,ELECTRIFICADORA DEL HUILA S.A. E.S.P.,170,HUILA,12-2011,128.17174,21.38447,177.92447,177.57397,92.36485,92.01435,133.07133,50.42429,17.71593,59.11301,25.37916,11.01071,7.56922,5.0834,21.06894,433.04179,432.69129,347.48217,347.13167,373.82019,287.73167,252.53749,0
600,ELECTRIFICADORA DEL META S.A. E.S.P.,175,META,12-2011,131.24258,20.98196,140.00425,145.14333,87.09243,92.23151,102.95741,51.42741,17.29769,41.55493,25.85241,11.2244,7.72079,5.1901,20.64532,380.28145,385.42053,327.36963,332.50871,328.6066,273.57299,236.91257,0
599,EMPRESA DE ENERGIA DE ARAUCA,159,ARAUCA,12-2011,134.16545,21.38447,313.86534,305.20358,163.49421,154.83246,253.616,107.66654,17.71593,50.89653,26.41724,11.46966,7.88951,5.30353,22.48784,569.21686,560.5551,418.84573,410.18398,494.01995,344.49033,251.95375,0
500,EMPRESA DE ENERGIA DE BOYACA S.A. ESP EMPRESA DE SERVICIOS PUBLICOS,158,BOYACA,12-2011,128.30572,21.38447,224.5249,206.14938,123.95192,105.5764,159.62653,62.43363,17.71593,77.66656,16.98042,7.8237,2.78414,0.73078,19.60823,488.4703,470.09478,387.89732,369.5218,414.41521,312.18274,265.41169,0
3370,EMPRESA DE ENERGIA DE CASANARE SA ESP,703,CASANARE,12-2011,141.11111,21.38447,135.77386,121.76331,109.28147,95.27092,80.17219,53.48882,17.71593,55.3986,16.59686,7.48636,3.05156,0.82177,22.38889,392.65378,378.64324,366.16139,352.15085,327.94162,296.82345,258.82077,0
2371,EMPRESA DE ENERGIA DEL BAJO PUTUMAYO  S.A.  E.S.P.,601,BAJO PUTUMAYO,12-2011,131.13405,20.98196,171.24065,177.21547,115.74734,121.72217,133.35404,78.6796,17.29769,96.4783,25.83521,11.21744,7.71629,5.18737,23.18106,468.85123,474.82606,413.35793,419.33275,416.34686,358.17127,294.26043,0
1846,EMPRESA DE ENERGIA DEL VALLE DE SIBUNDOY S.A. E.S.P. ,481,SIBUNDOY,12-2011,132.17546,21.38447,258.52786,232.91507,140.49373,114.88095,184.82304,70.73387,17.71593,97.06606,26.07792,11.3218,7.7875,5.23464,23.61782,558.8496,533.23681,440.81547,415.20269,470.38866,352.76518,297.19439,0
3076,EMPRESA DE ENERGIA ELECTRICA DEL DEPARTAMENTO DEL GUAVIARE SA ESP,681,GUAVIARE,12-2011,133.68986,21.38447,113.96415,126.5247,150.65837,163.21892,85.14592,117.94115,17.71593,109.37876,-172.66169,-303.13949,211.94663,1995.05573,-0.06838,205.68718,218.24773,242.38141,254.94195,46.39115,594.2725,2277.15638,0
694,EMPRESA MUNICIPAL DE ENERGÍA ELÉCTRICA S.A-E.S.P,301,POPAYAN,12-2011,109.87116,21.38447,284.92967,264.74483,82.83586,62.65102,215.19428,23.25061,17.71593,74.57923,21.86543,9.31827,6.31226,4.1408,18.5355,531.16545,510.98062,329.07164,308.8868,448.8829,253.93323,246.22709,0
2438,EMPRESAS MUNICIPALES DE CALI   E.I.C.E  E.S.P,165,CALI,12-2011,140.85763,21.38447,86.04741,94.88198,64.61129,73.44586,55.00227,33.89833,17.71593,30.59047,16.71025,1.9332,3.50989,1.12314,22.52394,318.11417,326.94873,296.67805,305.51261,272.29198,252.76473,234.19559,0
617,EMPRESAS MUNICIPALES DE CARTAGO E.S.P.,168,CARTAGO,12-2011,132.43381,21.38447,94.98372,90.69825,77.30732,73.02185,50.88607,33.30363,17.71593,17.1175,26.11801,11.33764,7.79753,5.24047,24.63399,316.67149,312.38602,298.99509,294.70962,257.79348,236.67093,218.52617,0
564,EMPRESAS PÚBLICAS DE MEDELLIN E.S.P.,704,ANTIOQUIA UNIFICADO CREG078,12-2011,130.29313,21.38447,126.22139,127.28351,82.45879,83.52091,84.22722,41.56994,17.71593,41.65363,11.4163,3.64254,0.23622,-1.78031,19.74583,350.71474,351.77686,306.95214,308.01427,300.94681,254.88321,229.01267,0
,,,,,,,,,,,,,,,,,,,,,,,,,,,
Año,2011
